0.3252714214284734	0.3344688932479144	0.3435911987772494	0.3526257470864177	0.3615604497317552	0.3703837680755532	0.37908475669620745	0.38765310273070513	0.39607916103215285	0.4043539850653849	0.41246935350298836	0.42041779252196143	0.4281925938373543	0.43578782854331755	0.44319835686376746	0.45041983394415336	0.4574487118424242	0.46428223790112416	0.47091844970352204	0.4773561668347727	0.48359497968431187	0.4896352355380555	0.4954780222185751	0.5011251495383487	0.5065791288355893	0.5118431508641551	0.5169210623088367	0.5218173411950687	0.5265370714580191	0.5310859169302864	0.5354700950002713	0.5396963501849146	0.5437719278511027	0.5477045483098607	0.5515023814966624	0.5551740224400113	0.5587284677090537	0.5621750930195694	0.5655236321664152	0.5687841574395358	0.571967061670149	0.5750830420438167	0.5781430858079394	0.5811584579928971	0.5841406912587099	0.5871015779728095	0.5900531646194004	0.5930077486370285	0.5959778777784591	0.5989763520858692	0.6020162285747702	0.6051108287220628	0.6082737488572757	0.6115188735614404	0.6148603921852804	0.6183128186075613	0.6218910143656428	0.6256102153036401	0.6294860618992428	0.6335346334483376	0.6377724863072836	0.6422166964162109	0.6468849063532696	0.6517953771996053	0.6569670455282833	0.662419585867745	0.6681734790320608	0.6742500867566675	0.6806717331299453	0.687461793368488	0.694644790547864	0.7022465009718298	0.7102940689421542	0.7188161317794121	0.7278429560433899	0.7374065860113511	0.7475410055947465	0.7582823150116236	0.7696689236848128	0.7817417610070297	0.7945445068057032	0.8081238435553099	0.822529732626376	0.8378157171315999	0.8540392542347994	0.8712620801322049	0.8895506113032907	0.908976386065908	0.9296165509649198	0.9515543970828121	0.9748799519940359	0.9996906338027116	1.0260919745179264	1.054198420946236	1.0841342223333372	1.1160344151849082	1.150045917061991	1.186328742704092	1.2250573576124761	1.2664221862606893
0.340019409738245	0.3495216438253876	0.35892755110948354	0.3682234394343753	0.3773962093822856	0.38643340576747554	0.3953232644546534	0.4040547543374807	0.41261761436149724	0.42100238552374714	0.42920043782785927	0.43720399221785217	0.4450061375561126	0.45260084275048895	0.45998296417196566	0.46714824853771664	0.4740933314642981	0.4808157319222256	0.4873138428461177	0.49358691817396994	0.4996350566049736	0.5054591823777004	0.511061023379541	0.5164430869041599	0.5216086333765984	0.5265616483657082	0.5313068132010637	0.5358494745066167	0.5401956129563615	0.54435181154845	0.5483252236837666	0.5521235413232308	0.5557549634852748	0.5592281653313139	0.5625522680728242	0.565736809919097	0.5687917182700925	0.5717272833442486	0.5745541334168422	0.5772832118307092	0.5799257559279876	0.582493278039209	0.5849975486546599	0.5874505818926077	0.5898646233698437	0.5922521405721414	0.594625815815768	0.5969985418861949	0.5993834204367195	0.6017937632279048	0.6042430962886446	0.6067451670813345	0.6093139547571429	0.6119636835928245	0.614708839707959	0.6175641911710323	0.6205448116145051	0.6236661074930441	0.6269438491355509	0.6303942057606724	0.6340337846472612	0.637879674676009	0.641949494486386	0.646261445524387	0.6508343702916759	0.655687816145922	0.6608421050457904	0.6663184096826837	0.6721388364954188	0.678326516124201	0.6849057019271648	0.6919018772572142	0.6993418722797698	0.7072539912043528	0.7156681509058527	0.724616032026162	0.7341312437751222	0.744249503793118	0.7550088345981488	0.7664497783200248	0.7786156316260293	0.791552702968876	0.8053105945423957	0.8199425116169343	0.835505602249281	0.8520613307260956	0.8696758885109963	0.8884206469302932	0.908372656358405	0.9296151972599724	0.9522383891216337	0.9763398640739505	1.0020255128763982	1.0294103119311282	1.0586192411222317	1.0897883035671532	1.1230656598396993	1.1586128909076068	1.1966064059541757	1.2372390134606766
0.43441807682034606	0.4459741578779442	0.4572748265404333	0.46829823747757576	0.4790239402022966	0.489432963592039	0.4995078881837847	0.5092329060782284	0.5185938684236782	0.5275783205790296	0.5361755251761772	0.5443764734143187	0.5521738850207726	0.5595621974044016	0.5665375446079959	0.5730977267346474	0.5792421705801226	0.5849718822485722	0.5902893925627989	0.5951986961031512	0.5997051847213742	0.603815576378133	0.6075378401460633	0.610881118204971	0.613855645633001	0.6164726687681423	0.6187443628792386	0.6206837498456516	0.6223046165007696	0.6236214342475939	0.6246492805054611	0.6254037624964424	0.6259009438288	0.626157274283838	0.6261895231621236	0.62601471649603	0.6256500783883098	0.6251129766914231	0.6244208731999824	0.6235912784892723	0.6226417114965764	0.6215896639092399	0.6204525693941334	0.6192477776775752	0.6179925334628801	0.6167039601545516	0.6153990483437265	0.6140946489987722	0.6128074712978981	0.6115540850371934	0.610350927547592	0.6092143150578067	0.6081604584471983	0.6072054833428114	0.606365454528334	0.6056564046495259	0.6050943672206741	0.6046954139599162	0.6044756965078514	0.6044514926138471	0.6046392569079476	0.6050556764135143	0.6057177309968669	0.6066427589955843	0.60784852831708	0.6093533133540759	0.6111759781241154	0.6133360661069741	0.615853897327384	0.6187506733117957	0.6220485906378975	0.6257709638954458	0.6299423589879216	0.6345887378281673	0.6397376156191504	0.6454182320654138	0.651661738033847	0.6585013993768636	0.6659728198498761	0.6741141853016993	0.682966531595204	0.6925740390308569	0.7029843564031277	0.7142489582253498	0.7264235391196963	0.7395684498938295	0.753749180424212	0.7690368951492215	0.7855090277562321	0.8032499425408669	0.8223516709414108	0.842914732927652	0.8650490542752313	0.8888749923122767	0.9145244845177312	0.9421423364191447	0.9718876676274028	1.0039355376104724	1.0384787760108898	1.0757300460267998
0.6308478706613301	0.6477760560856103	0.6639803541174457	0.6794115908409717	0.6940253785359667	0.7077823425630977	0.7206482936551584	0.7325943457601052	0.7435969803424958	0.7536380587534939	0.7627047849161729	0.7707896211350669	0.7778901603213801	0.7840089583246617	0.7891533303768133	0.7933351158855437	0.7965704159639575	0.798879308154646	0.8002855428052263	0.8008162254838699	0.8005014896945355	0.7993741639699233	0.7974694371930919	0.794824525734211	0.7914783456948137	0.7874711932358003	0.7828444356346272	0.7776402153784313	0.7719011692595548	0.7656701641037758	0.7589900504344689	0.7519034350622726	0.7444524732932353	0.7366786811717795	0.7286227679204025	0.7203244885074839	0.7118225160688966	0.703154333728842	0.6943561452104494	0.6854628034968343	0.676507756697684	0.6675230101940348	0.6585391040733993	0.649585104827322	0.6406886102622025	0.6318757665701306	0.6231712965178265	0.6145985377368538	0.606179490135399	0.5979348714995008	0.5898841804081396	0.5820457656506747	0.5744369014054632	0.5670738675140116	0.5599720342646869	0.5531459511830561	0.5466094394116637	0.5403756873500171	0.534457349315378	0.5288666470765491	0.5236154742061292	0.5187155032919929	0.5141782961462488	0.5100154172503129	0.5062385507786382	0.5028596216520167	0.49989092118535683	0.4973452380157637	0.495235995126214	0.4935773939200122	0.49238456645370693	0.491673737103735	0.49146239512775314	0.49176947978870655	0.49261557994218913	0.4940231502500678	0.49601674648101224	0.4986232826976445	0.5018723135176506	0.5057963450808661	0.5104311788657994	0.5158162930888912	0.5219952671015899	0.529016254990005	0.5369325154984036	0.5458030064634161	0.5556930531869884	0.5666751016242478	0.5788295689548895	0.5922458060879116	0.6070231889726458	0.6232723583175661	0.641116630528333	0.660693606459254	0.6821570090375935	0.7056787861000011	0.7314515210343838	0.7596912012414362	0.7906404032513746	0.8245719638363531
0.8745982813697248	0.9022621889369663	0.9283297920578927	0.9526717379795312	0.9751733164990084	0.9957353876953348	1.0142750684192443	1.0307261758250807	1.0450394311578264	1.0571824315714249	1.067139401855882	1.0749107415159893	1.080512385621011	1.0839750002011657	1.085343034692466	1.0846736550347966	1.0820355815341476	1.0775078555483248	1.0711785584975222	1.0631435056972551	1.0535049361273818	1.0423702175575071	1.029850584516316	1.0160599244900501	1.0011136255296296	0.9851274961983372	0.968216766558179	0.9504951767217005	0.9320741574285535	0.9130621051762833	0.8935637526687954	0.873679633762686	0.8535056407031557	0.8331326702533326	0.8126463543337622	0.7921268699980644	0.7716488229677282	0.751281198522018	0.7310873732737783	0.7111251812427474	0.6914470276477844	0.6721000439608784	0.6531262779815475	0.6345629129833661	0.6164425103388428	0.5987932704297452	0.5816393070835204	0.565000931230467	0.5488949399399595	0.5333349074580946	0.5183314753258269	0.5038926390996626	0.49002402962135927	0.4767291871851256	0.4640098273280008	0.45186609731994765	0.44029682275415	0.4292997439353488	0.4188717420356948	0.4090090552352005	0.39970748528942457	0.390962595173173	0.38276989863858346	0.37512504270228547	0.3680239842429642	0.3614631620514591	0.3554396658346804	0.34995140383663526	0.3449972709095736	0.3405773190510288	0.33669293262417654	0.3333470107059269	0.33054415926688974	0.32829089618795104	0.3265958724693447	0.32547011340064597	0.3249272839470874	0.3249839831839973	0.325660073295054	0.3269790494627997	0.32896845794707064	0.3316603707995151	0.3350919270373885	0.3393059517423876	0.34435166651512156	0.3502855070696077	0.3571720665763232	0.3650851867565248	0.3741092228171453	0.384340513245074	0.39588909143774514	0.40888068336317357	0.42345904420131963	0.4397886975733017	0.4580581539554566	0.478483700750905	0.5013138759395945	0.5268347611113041	0.5553762590900593	0.5873195576514688
1.1002028039532004	1.1470277547836054	1.1911319446763482	1.232166306926947	1.2698167257039312	1.3038083558597378	1.3339090678591383	1.3599319684143747	1.38173697568133	1.3992314551737857	1.4123699479547114	1.4211530453788717	1.4256254840775915	1.4258735505685154	1.4220218966016196	1.414229874057656	1.4026875019997327	1.3876111785870922	1.3692392473516102	1.3478275212580462	1.3236448595219004	1.2969688818777236	1.268081893412856	1.2372670807264352	1.2048050275234687	1.1709705852400742	1.1360301222891194	1.1002391643185154	1.0638404277214868	1.0270622396953337	0.990117330514187	0.9532019774055717	0.9164954744925913	0.8801598996328756	0.8443401465675536	0.8091641894782724	0.7747435467099343	0.7411739109135211	0.7085359140555604	0.6768959974887998	0.6463073594490139	0.6168109548118393	0.5884365245994461	0.5612036354716169	0.5351227121857807	0.5101960486964712	0.4864187861313954	0.4637798482867583	0.44226282749872614	0.4218468157516832	0.402507177667259	0.3842162635787908	0.3669440622382672	0.3506587938361541	0.33532744495198424	0.3209162478111654	0.3073911068187444	0.29471797579260894	0.2828631896457652	0.27179375448881393	0.26147760025771394	0.2518838000359119	0.24298276025027324	0.23474638589233815	0.22714822486457142	0.22016359548872913	0.21376970115270236	0.20794573602506952	0.20267298574441453	0.19793492700470788	0.19371733002015698	0.1900083679752529	0.18679873776172123	0.18408179658884502	0.18185371944490952	0.1801136829061221	0.17886408146057253	0.17811078336929306	0.17786343416205744	0.17813581720911176	0.17894628247962566	0.18031825666633247	0.1822808504144728	0.18486958155670546	0.18812723716844418	0.1921049021029047	0.19686318767362024	0.20247370161865705	0.20902080978067678	0.21660375155018086	0.2253391856614699	0.235364261193914	0.24684033163752897	0.2599574589554136	0.2749398914366291	0.2920527460246025	0.311610185662907	0.3339854588760134	0.3596232673761798	0.38905505467726176
1.2390294202627958	1.314061202512072	1.3857281625464868	1.4531977537197491	1.5156934225441605	1.5725111660530986	1.6230338778840663	1.6667430735142024	1.7032277026867697	1.7321898814914123	1.7534475011200463	1.7669337888278847	1.7726940037332197	1.7708795415245113	1.7617397948807914	1.7456121687147363	1.7229106807354064	1.6941135889595986	1.6597504803066039	1.6203892306785272	1.5766232098720756	1.52905905749971	1.478305302108388	1.424962038053759	1.3696118163319058	1.3128118490248384	1.2550875743605374	1.1969275822120797	1.1387798592582234	1.08104927962627	1.024096240842034	0.9682363261672932	0.9137408624685313	0.860838236972146	0.8097158358145878	0.7605224713038684	0.7133711723594922	0.66834222280076	0.6254863441761781	0.5848279329209042	0.5463682751466183	0.5100886757694877	0.4759534515373798	0.44391274950310605	0.41390516337965816	0.38586012986574103	0.3597000953789385	0.33534245067373863	0.3127012365944137	0.29168862879622687	0.27221621276521446	0.25419606299502506	0.23754164186448057	0.22216853472848164	0.20799503811036915	0.19494261778150365	0.18293625303922817	0.17190468274196485	0.16178056771239563	0.15250058304713984	0.14400545273309945	0.1362399378152977	0.12915278822755144	0.12269666731632664	0.11682805708319524	0.11150715126018422	0.10669774252816808	0.10236710950117739	0.09848590853669331	0.09502807500039072	0.09197073831990418	0.08929415501400367	0.08698166389113397	0.08501966778838219	0.08339764658742328	0.08210820682331547	0.08114717402965689	0.08051373508537141	0.08021063930497944	0.08024446892557353	0.08062599209459373	0.08137061459029023	0.08249895049108419	0.08403753708660741	0.08601972580114846	0.0884867891867398	0.09148929467535794	0.09508880946938852	0.0993600186426117	0.10439336148298549	0.11029832102530587	0.11720754087309439	0.12528199487248368	0.13471750315500716	0.14575297821142305	0.15868090480762956	0.1738607184663077	0.19173596380627828	0.21285640697128985	0.23790667465560975
1.2643206215207459	1.3670007377075544	1.466983865053161	1.5627888390646643	1.6529775551408157	1.736195481787144	1.8112091993855917	1.8769394290713515	1.932488284465889	1.9771598073575403	2.0104732125796727	2.0321686421170138	2.0422055898508615	2.040754485234712	2.02818219972429	2.0050324522035927	1.9720022325884252	1.9299154351359393	1.8796948983211705	1.822333993879019	1.7588688039802798	1.6903517844508769	1.6178276460351673	1.542312007226367	1.464773192342978	1.3861173768816901	1.307177126294735	1.2287032396532207	1.1513596994875226	1.0757214448212276	1.0022746257462696	0.9314189631953479	0.8634718242403314	0.7986736280324181	0.7371942168318777	0.6791398568342273	0.6245605712350979	0.57345755006344	0.5257904250573797	0.4814842410480799	0.44043599624009366	0.4025206611947117	0.3675966194326144	0.3355105009469323	0.3061014034418479	0.2792045149131697	0.25465416557378034	0.23228634752796426	0.2119407475153047	0.19346234200818457	0.1767026054856003	0.16152038232251922	0.14778247088795146	0.1353639655433247	0.12414839862492688	0.1140277204714692	0.10490215135559977	0.09667993498046545	0.0892770191473821	0.08261668538709808	0.0766291458406337	0.0712511225150629	0.06642542124250128	0.062100510238641854	0.05823011108058621	0.05477280818494725	0.051691681444223904	0.04895396554844087	0.046530738656370696	0.044396642464905524	0.04252963533820166	0.040910779987123225	0.03952406722718392	0.03835627759021719	0.037396883030990834	0.036637991675622865	0.036074339538329614	0.03570333443838804	0.035525159053758054	0.035542942253829035	0.03576301070084105	0.036195236387444006	0.036853500543311324	0.03775630054444525	0.03892753456639685	0.0403975093789776	0.042204230762070125	0.04439505473345821	0.04702880278003219	0.05017847787436693	0.05393476344638067	0.058410549158803886	0.0637468116395906	0.07012029423328539	0.07775359015143618	0.08692845650074035	0.09800349906891935	0.11143780798511102	0.1278227487898535	0.1479250049900327
1.2208095015791292	1.348861913210359	1.4763432692023521	1.6010308627104601	1.7206668559064622	1.833035404016984	1.9360390882849008	2.027770669245891	2.1065765233123614	2.1711087194529552	2.2203634710971056	2.2537045910605893	2.270871509115811	2.271972310193571	2.2574630525140735	2.228115279568841	2.1849741151016766	2.1293096112332797	2.0625641087890356	1.986298282454697	1.902138309489804	1.8117262544739	1.7166753422647125	1.6185313349217811	1.5187407703174265	1.4186263894997289	1.3193696987397259	1.2220002954442757	1.1273913425502962	1.0362604051606372	0.9491747624134831	0.8665602694332885	0.7887128587212074	0.7158118262657384	0.6479341335362178	0.5850690615291001	0.5271326675486753	0.47398161137370226	0.4254260285785394	0.38124123046221414	0.3411780993180652	0.30497212307652755	0.2723510742507724	0.24304138507253387	0.21677330482006318	0.19328494811343053	0.17232535609784463	0.15365669772429041	0.13705573748117816	0.12231469050492448	0.1092415773877212	0.09766018038153045	0.08740969102648147	0.07834412726017996	0.07033158635447934	0.0632533889763466	0.057003159539927344	0.05148587895649734	0.046616937959372634	0.04232121237877042	0.03853217601777851	0.03519106205546098	0.032246080079489176	0.029651692823408467	0.027367954346954642	0.025359909650499304	0.02359705446346524	0.022052853108374796	0.020704311845396353	0.019531604887119577	0.01851775029209856	0.017648333162882356	0.01691127396615731	0.016296640347970133	0.015796501537354603	0.015404825332899313	0.015117418781073137	0.014931915034688804	0.014847810602003114	0.014866559371881374	0.014991732582344425	0.015229257502954932	0.01558775232310639	0.0160789809916794	0.01671846011560616	0.017526261305050337	0.01852806769314425	0.019756564379750985	0.021253271567627945	0.023070969506357886	0.025276920856434834	0.027957175762096807	0.031222358095899468	0.03521549326839825	0.04012267140954059	0.04618767873184593	0.053732226060612676	0.06318413548604726	0.0751169346628941	0.09030594060797141
1.1398689374307123	1.288259213073482	1.4394238028210262	1.5904599553423415	1.7382690004760624	1.8796758937147642	2.011556578980921	2.1309653227847223	2.2352541926136333	2.322177521200631	2.389975431542481	2.437432156638445	2.4639067995372215	2.4693361571558654	2.454211097793511	2.4195295865410387	2.3667306842018863	2.297614640264782	2.2142545430841927	2.118904907999054	2.013912138247824	1.9016310689863223	1.7843508976033993	1.6642328103178423	1.5432606234247543	1.42320483994716	1.305599732211165	1.1917324312220525	1.0826425488231441	0.97913057622806	0.8817731776500577	0.7909435067155997	0.7068347876379054	0.6294855928477596	0.5588054853805189	0.49459995252790867	0.4365938162627148	0.38445254986432803	0.3378011480446961	0.296240383189304	0.2593604303534767	0.22675195863162625	0.19801486884597022	0.17276491098563956	0.15063844402601634	0.13129561046623037	0.11442219278340168	0.09973040324560851	0.0869588358134644	0.0758717822178813	0.06625808611447949	0.057929681270464675	0.050719933296280835	0.044481880305169884	0.03908644652335292	0.034420684460230215	0.030386085758272025	0.026896988114146467	0.023879095447445806	0.021268120496234437	0.019008552928668394	0.01705255157177511	0.015358956186434281	0.013892412104197218	0.012622599761737175	0.011523560530867345	0.010573110087100381	0.009752330758763375	0.009045134750032756	0.008437890757228098	0.007919107241455817	0.007479166443561415	0.007110104106473914	0.006805430796914246	0.006559991698060972	0.00636986279584322	0.006232282537807047	0.006145619356718325	0.006109376995767917	0.006124241453521943	0.006192175731714393	0.006316571623985173	0.006502471819686842	0.006756881027100793	0.00708919223599129	0.007511764492869489	0.008040702892657722	0.008696911712656881	0.009507520408743355	0.010507823548207125	0.011743935653321118	0.013276449428495318	0.0151855147542957	0.017577947407441376	0.0205972636990427	0.024437971788293406	0.029366114009241325	0.03574907748442475	0.04409928258352563	0.05513886208949392
1.040685108689622	1.2042971337660442	1.3749762678044233	1.5492997276686575	1.7233989954632756	1.8931186406198157	2.0542007870664767	2.2024825326890505	2.3340923563233607	2.445631632163826	2.534328774195494	2.598156059277239	2.635902509822544	2.6471999654143903	2.632503228862238	2.593028562258592	2.530657535274488	2.4478150978203277	2.3473316828293718	2.232299170899161	2.1059297848244136	1.9714256091314926	1.8318646604479285	1.6901074854779037	1.5487263308837582	1.4099571727362312	1.275673425196331	1.1473790329673763	1.026217909203623	0.9129962923348501	0.8082145169663981	0.7121048643924701	0.6246725091922778	0.545737042839207	0.4749725731506445	0.41194492020642526	0.3561449177212276	0.3070172586284936	0.2639846807393446	0.22646756790769015	0.1938992463344629	0.16573739152425931	0.14147203891990798	0.12063072161623939	0.10278125305668089	0.08753264167315365	0.0745345771049527	0.06347587137482044	0.05408217900263818	0.04611326173816504	0.03936000927067913	0.03364137867286053	0.028801373319416634	0.024706146789280205	0.021241288556335676	0.01830932554737538	0.015827456185318646	0.013725520564412804	0.011944201150738217	0.01043344214410694	0.00915107173061343	0.008061609341127509	0.007135239242985844	0.0063469319495847625	0.005675695733516689	0.005103941739844149	0.00461694764157044	0.0042024063316788846	0.003850047716150759	0.0035513232015368453	0.0032991439240989255	0.0030876651288314536	0.002912110373659204	0.002768630416089096	0.002654192755638029	0.0025664988838350815	0.002503927373000379	0.002465502066299637	0.0024508858824395965	0.002460402210098034	0.0024950876652425004	0.00255678229463884	0.00264826638139631	0.0027734572050754696	0.0029376849590617114	0.00314807531494069	0.00341407801868746	0.003748198174671841	0.004167012215335907	0.004692588112140941	0.0053544855944868165	0.006192597101382786	0.007261219877423612	0.008634949598895466	0.010417297473046275	0.012753423318125434	0.015849157979348598	0.019999745247390177	0.025633779577747748	0.03338118633916386
0.9358945878551123	1.1096334676223965	1.2953096846377476	1.489226799872432	1.6869140244975989	1.8833092557013371	2.072996795909763	2.2504824570783577	2.4104845815147047	2.5482176754582215	2.659646060132409	2.7416880530596033	2.792356239922047	2.8108256936582268	2.797428737779829	2.7535812390443297	2.681650773224307	2.584780857391436	2.466687541645849	2.331444999515322	2.1832755504691272	2.026357138254703	1.864658102362941	1.7018055569855481	1.5409902298137117	1.3849075278841567	1.2357321035300841	1.095121399633397	0.964242574978542	0.843816788373099	0.7341749446726756	0.6353195407877956	0.5469880534541228	0.46871425182047716	0.3998847866381373	0.33978932031755665	0.2876632620246895	0.24272282811865875	0.20419265028959893	0.17132650722077822	0.14342197655406688	0.11982991442450237	0.09995969407604832	0.08328109670270824	0.06932366786634757	0.05767424936852507	0.047973283235485054	0.03991037174762719	0.033219472136202625	0.02767401085544305	0.023082122236745523	0.019282150279706096	0.016138499692220035	0.013537881756310512	0.011385970525567432	0.009604463505868346	0.008128526637837462	0.006904594541736952	0.005888492258823738	0.0050438430020311575	0.004340726801814965	0.003754556684882557	0.003265141609992388	0.002855908405080164	0.002513258118877765	0.00222603532468473	0.001985091870753278	0.0017829292896340099	0.001613406524119636	0.0014715017926780927	0.00135311931269842	0.0012549332471317167	0.0011742626679491926	0.0011089725714118807	0.0010573970716039362	0.001018281878967993	0.0009907440823579453	0.0009742481449422925	0.0009685979542936917	0.0009739458087581704	0.0009908204735845406	0.001020178037064549	0.0010634814334785048	0.0011228174611332816	0.001201064336365082	0.0013021289343816786	0.0014312818680312558	0.001595631988643164	0.0018048021824129694	0.0020718993297187153	0.0024149191705937607	0.002858801602375526	0.0034384700774204697	0.004203377579861745	0.005224387009601351	0.006604313660891501	0.008494286041668157	0.011119472424057275	0.014820087232412472	0.02011767269058507
0.8309202427761524	1.0102394254746814	1.206697153426996	1.4166214755462907	1.6351721023683954	1.8565206686673739	2.0741269661976527	2.281091340348325	2.4705540646480295	2.6361065371693306	2.772177441348169	2.8743597703475032	2.939651339294764	2.9665910477536137	2.9552842902881737	2.9073220237206567	2.825607703515834	2.7141135527944678	2.5775918326621485	2.421267828504318	2.2505394666525484	2.0707044571827504	1.886730423538957	1.703077463307811	1.523576736612993	1.3513635820513064	1.1888596903827922	1.0377961894836008	0.8992680944431362	0.7738103014117199	0.6614859154649356	0.561978928873374	0.4746848400698748	0.39879449327357785	0.33336804322754887	0.277397384429136	0.22985655877184816	0.18974054411757954	0.1560934376744596	0.12802741368777887	0.10473399888351796	0.08548921953119025	0.0696540772501321	0.05667164743252468	0.046061897455940894	0.03741511667522921	0.03038465388693193	0.02467948138911653	0.02005695354812292	0.01631600369982917	0.013290925378961949	0.01084580977831058	0.008869657642500915	0.007272146881006503	0.005980013537205338	0.004933990210098506	0.0040862398826380705	0.0033982221424778813	0.002838931232426923	0.002383449902880384	0.002011768676844449	0.0017078261894711096	0.001458732265316564	0.0012541410572702726	0.0010857467269259316	0.0009468787217596764	0.0008321776846240016	0.0007373364389112373	0.0006588933740041606	0.0005940679675465076	0.000540630184968443	0.0004967971533896033	0.0004611518741282163	0.000432579868893694	0.0004102205982874643	0.00039343129285046563	0.0003817615398785078	0.000374937617118829	0.0003728562043417361	0.0003755877910117504	0.00038339090346862457	0.00039673929451299023	0.0004163656103170053	0.00044332697969284607	0.00047910077234260203	0.0005257229326408025	0.0005859875816485791	0.0006637362197213088	0.000764279841338353	0.0008950208459058923	0.0010663791872935753	0.001293187805292508	0.0015968214159162888	0.0020084867096628587	0.0025743771696262628	0.0033638638935738364	0.004482701763154063	0.006094645174577802	0.008457382719447244	0.011983240934904611
0.7285427047169628	0.9093495729998117	1.1126150942566684	1.335031494177151	1.5716824877964106	1.8161809378976141	2.06095574031004	2.2976703958700795	2.5177381604754707	2.71288526414716	2.875706652459536	3.000159130981703	3.08194450777892	3.1187489532003116	3.1103220666865914	3.0583973706575547	2.966472534305819	2.8394804715214876	2.6833902647764742	2.5047792542815257	2.3104150480840278	2.1068797344759598	1.900259649864963	1.6959141833601379	1.4983276292772743	1.311040050053401	1.1366471039573527	0.9768550485254172	0.8325755442771785	0.704045111681391	0.5909556662309111	0.49258496703441457	0.4079185987139459	0.33575788656630884	0.27481065081554873	0.22376377560295668	0.18133813482104486	0.1463274855294058	0.11762356508712654	0.09422989196358261	0.07526676329893824	0.05996975185113371	0.04768370651653802	0.037853914211293874	0.030015730440330072	0.023783660418470784	0.018840588831486687	0.014927621427878821	0.011834816108630337	0.009392941256281994	0.007466298606521437	0.0059465799946036586	0.004747684835440625	0.003801401882099405	0.0030538492402402122	0.002462566400983166	0.0019941577782230414	0.0016223963567420904	0.001326706763074548	0.0010909581334194569	0.0009025077896897653	0.0007514464917387087	0.0006300046878824801	0.0005320866695051428	0.0004529058797689163	0.00038869991953024324	0.0003365081523676305	0.00029399836164903663	0.0002593317799801764	0.00023105811021511443	0.00020803399001450702	0.00018935980769225097	0.0001743309316185152	0.00016240033264893158	0.0001531503126462341	0.00014627164770887293	0.00014154895184602512	0.00013885150172568818	0.0001381291714572008	0.00013941354706807068	0.00014282477066831714	0.00014858526739829365	0.0001570423246711183	0.00016870265926512495	0.00018428383549969304	0.0002047900243559701	0.00023162366519137038	0.00026675100646298306	0.00031294975600523143	0.00037418369283722427	0.00045617641003563194	0.0005673018873671511	0.0007199865663341707	0.0009329496598654966	0.0012348384413990428	0.0016702221534728504	0.0023096395924632283	0.0032667320318800243	0.0047279774691467435	0.007005241028271751
0.6293950975859993	0.8079245941919124	1.0142024962031786	1.2456677281503838	1.4976859684251185	1.7635900364808832	2.0349332070275232	2.3019487349292236	2.554179549050371	2.7812165661958206	2.97346700008869	3.1228684693423814	3.223471544335357	3.2718312150536497	3.267173289893578	3.211330480708999	3.108470225636809	2.9646581793744895	2.7873151378268086	2.584629978959516	2.364987586220442	2.136460483733576	1.9063985590680592	1.6811354342386176	1.4658151103349835	1.2643301782681282	1.0793541317330277	0.9124453930441007	0.7641992433037065	0.6344252293510466	0.5223309181730864	0.4266971994155565	0.34603493393146534	0.27871703596627695	0.22308369219129906	0.17752118740414624	0.14051670208277126	0.11069255446787502	0.08682382286395161	0.06784326802016107	0.05283714122457623	0.04103494948001404	0.031795663160392874	0.024592270909925548	0.018996060008101348	0.014661553735466282	0.011312679124473757	0.00873046608373666	0.006742382690033528	0.005213278713555503	0.004037826755373123	0.0031343051869753974	0.002439548558645433	0.0019048904860653089	0.0014929344450747414	0.0011750044174073067	0.0009291464543760291	0.0007385716674879048	0.0005904495145018583	0.00047497676687221374	0.0003846618977207119	0.0003137767782536497	0.0002579376428089457	0.0002137854949636392	0.00017874273143203358	0.00015082801128379254	0.00012851553292499187	0.00011062811144918118	9.625595556406118e-5	8.469497785799243e-5	7.539995894201713e-5	6.794902535091159e-5	6.201677317799999e-5	5.735403783565532e-5	5.377282541146957e-5	5.113532291894367e-5	4.934622587320646e-5	4.834788959136128e-5	4.811805046147647e-5	4.8670100490709185e-5	5.005616191595471e-5	5.2373536519157574e-5	5.5775550855999135e-5	6.048846666477822e-5	6.683710664836024e-5	7.528337381447474e-5	8.648427390259438e-5	0.00010137998771674449	0.00012132901837705696	0.00014831826188759254	0.00018529421108541476	0.00023669314101201826	0.0003093035124876833	0.0004136924019785216	0.0005666061732334723	0.0007950841817896615	0.0011436404037811435	0.0016870446714069382	0.002553526175235222	0.003967770322096171
0.5341891099887852	0.7068539987422932	0.9123388254580347	1.1492554480993475	1.413686753353796	1.699058124273162	1.9962914279012016	2.294259476286802	2.580514136645111	2.8422174232399873	3.0671705808364	3.244818222301901	3.3671065295249596	3.4290957921003966	3.4292637383746367	3.3694801378543096	3.254676980705052	3.092274911463954	2.8914504179501708	2.6623373526205696	2.415251385191393	2.1600099339319607	1.9053973057734588	1.658799784711885	1.4260122444250563	1.2111993663980012	1.0169821883035517	0.8446146780945523	0.6942145362066168	0.5650160915727962	0.45561939028994575	0.36421689017763237	0.28878637488312314	0.22724497168830118	0.17756405860257865	0.1378482554208427	0.10638371409412185	0.08166179498685724	0.06238423214828265	0.04745534456485461	0.03596599410300711	0.02717302046852833	0.020476935382129354	0.015399815278748884	0.011564634531424589	0.008676739180630921	0.006507764493487237	0.004882027799247088	0.0036652562691227657	0.0027554131816761667	0.0020753440057415494	0.001566957443116075	0.001186672553363168	0.0009018911064671583	0.0006882873848709323	0.0005277412644415346	0.0004067718629190069	0.00031535696978928396	0.0002460473419658819	0.00019330478057592735	0.00015300901417355142	0.00012209126636566543	9.826248824475894e-5	7.981207881297042e-5	6.545894209538224e-5	5.4241318533053413e-5	4.543529732339183e-5	3.84945227311318e-5	3.300555558509516e-5	2.865480141386769e-5	2.5203992847767057e-5	2.24720108589477e-5	2.0321419152468868e-5	1.8648522977531766e-5	1.7376088845494232e-5	1.644810620222046e-5	1.58261598824424e-5	1.5487132126100533e-5	1.542208110485096e-5	1.5636264403263136e-5	1.6150407158523446e-5	1.7003476335431815e-5	1.8257444444824874e-5	2.0004853481535713e-5	2.2380496834411576e-5	2.5579346953431493e-5	2.9884180961578046e-5	3.570856331883201e-5	4.366458637376909e-5	5.4671221115962e-5	7.01304434599816e-5	9.221848416582923e-5	0.0001243762006204432	0.0001721503484905781	0.0002446652659659641	0.0003572499341530551	0.0005362265888992857	0.0008278302180951432	0.0013151976491239403	0.002151481223051629
0.443885602734245	0.6072512325038267	0.8080500709253874	1.046526267653342	1.3199985628058863	1.622473896601966	1.9446094196982153	2.2740862448480663	2.5963953948593597	2.89596664845318	3.157508903502321	3.3673897811725126	3.5148714803751653	3.5930415686727204	3.5993264896898483	3.5355414308543174	3.4074993729550163	3.2242616859632762	2.9971529316208274	2.7386789704068555	2.461480682124991	2.1774304768209998	1.8969426584700833	1.6285294939701236	1.3785992968144354	1.1514655656531856	0.9495193390073049	0.7735103156056772	0.622884206726903	0.49613163636980895	0.391114928152961	0.3053509042565996	0.236238595325136	0.18122945849095293	0.13794390339828602	0.1042416999446278	0.07825555872519153	0.05839734893980182	0.043345576730815426	0.03202135199396876	0.02355848139129173	0.01727178466208325	0.012626384548975954	0.009209632570551497	0.0067065128707601025	0.004878789996898308	0.003547792454250068	0.0025805062307915584	0.0018785478231982406	0.0013695577997025765	0.0010005746558132168	0.0007329933630815221	0.0005387689020917491	0.00039758279294457757	0.00029474468476740857	0.0002196486663044609	0.00016464412528942378	0.00012421380916259153	9.437790300797437e-5	7.226337867901593e-5	5.579357290240415e-5	4.346485329886111e-5	3.4186146840779297e-5	2.716371942809706e-5	2.1818461870837922e-5	1.7726493650648106e-5	1.4576479329576365e-5	1.2138920462488063e-5	1.0244031327982116e-5	8.765772997300505e-6	7.610312627545363e-6	6.7076703871494204e-6	6.005671010375153e-6	5.465571079347311e-6	5.058915962961247e-6	4.765313063879731e-6	4.570906128622604e-6	4.467410500273283e-6	4.451630579517736e-6	4.525436530275487e-6	4.696235741382031e-6	4.978045885766507e-6	5.393374963888593e-6	5.9762619145671305e-6	6.7770664090660714e-6	7.869982201585015e-6	9.364897422505483e-6	1.1426339722227963e-5	1.4304194496675746e-5	1.8384360906106018e-5	2.4273823921633728e-5	3.294630760564947e-5	4.599673883169014e-5	6.60952613892958e-5	9.781518536130586e-5	0.00014917745062002533	0.0002346000589727191	0.0003806688478405513	0.0006377149548613481	0.0011036504378862599
0.3599073079769193	0.5108038913019165	0.7029872681463795	0.9387931791619728	1.21736572078105	1.5339117074011506	1.879348323366688	2.2404811767819997	2.600769684459251	2.9416333561995596	3.244148449818812	3.490903992874931	3.6677487559153508	3.76517545586134	3.7791515363817876	3.711302223327513	3.5684592801366977	3.3616853260727506	3.104950939171691	2.813670768341164	2.5032956750010826	2.18811848617739	1.8803938373070794	1.5898113114439114	1.3233069926196748	1.085158996040704	0.8772903800900493	0.6996970851190774	0.5509255939046359	0.42854013197493046	0.3295377683134406	0.25068798529254116	0.18878868020305323	0.1408419301127629	0.10416002030023676	0.07641571840853308	0.05565143852648626	0.04026072978092587	0.028953292910195997	0.02071213658144184	0.014748981492482478	0.010461861659418172	0.007397166748098129	0.005217123246565768	0.003672872835094859	0.0025827940273547992	0.001815444028232312	0.0012763960706212813	0.0008982517057792192	0.0006331714926242538	0.00044735914471512377	0.0003170327679783109	0.00022551026144988854	0.00016111815641390155	0.00011570192571206264	8.35712103278777e-5	6.075681029124706e-5	4.4489505340662e-5	3.283572269525743e-5	2.4443521192168687e-5	1.8365828349101075e-5	1.3937587968039357e-5	1.0690427520206525e-5	8.293386724749939e-6	6.511725099179039e-6	5.178263165590518e-6	4.173412654578985e-6	3.4112336998984063e-6	2.8296772203730496e-6	2.3837384287799193e-6	2.0406399420461415e-6	1.7764342627372651e-6	1.5736030086095778e-6	1.4193602397519448e-6	1.3044576338642765e-6	1.2223526378269652e-6	1.1686458663836054e-6	1.140727209911134e-6	1.1375960594835335e-6	1.159843631329846e-6	1.2098083032775852e-6	1.2919425405940848e-6	1.4134685319827808e-6	1.585458806559362e-6	1.8245743743105139e-6	2.155855526144616e-6	2.617242406546751e-6	3.267002399563189e-6	4.196146092664224e-6	5.5495844274560516e-6	7.562929654056274e-6	1.0627908625442442e-5	1.541129668617813e-5	2.3076320206481502e-5	3.570502615350621e-5	5.712475518608462e-5	9.456843113905876e-5	0.00016210185763633977	0.0002879002935010634	0.0005301524083543888
0.2837235470587861	0.41942818539918053	0.5991896589472772	0.8278432818526121	1.1069849728862617	1.4337642815113985	1.8000678727379087	2.1923392317648545	2.592191251710946	2.9778265370774166	3.3261166953530195	3.61504711006552	3.8261456235286158	3.946505816373485	3.9700902576796944	3.898136641344612	3.738655472140037	3.5051628987384524	3.214903969724612	2.88687185657148	2.539916131942744	2.1911710395185526	1.8549443301002904	1.5421117440678118	1.2599805389277934	1.0125291222698716	0.8009023484083007	0.624040294835993	0.47933527007901694	0.36323901480232834	0.27177193471267874	0.200913167745753	0.14687116488378932	0.10624822633234961	0.0761196043500636	0.05404975396779082	0.03806676597965482	0.026612521357434887	0.018481899106731238	0.012760288626394856	0.008765175125938808	0.0059948711348168	0.004085557619381519	0.002776567891024261	0.0018831467219037163	0.0012755944044247646	0.0008636297941129776	0.0005848756248598265	0.0003965108341220543	0.0002693006588191524	0.00018337759894509928	0.0001252904205825561	8.59585164585712e-5	5.9264778363246626e-5	4.109403912934971e-5	2.8679625121369444e-5	2.0161315371000896e-5	1.4287403481058425e-5	1.0214447676249155e-5	7.372947796339213e-6	5.37735641895106e-6	3.96582318202834e-6	2.9598422666602387e-6	2.237207655809228e-6	1.7138624039090916e-6	1.3316933716825915e-6	1.050303742645246e-6	8.414506803587322e-7	6.852722361929514e-7	5.67718571326001e-7	4.787963563226671e-7	4.113643734728094e-7	3.6030454972378335e-7	3.219503216186005e-7	2.9369298171460294e-7	2.737128832817667e-7	2.6080038640281465e-7	2.5424414871940365e-7	2.5377388076047054e-7	2.595526080486865e-7	2.722212645785018e-7	2.9300772194258074e-7	3.239254110293736e-7	3.6810717389062396e-7	4.3035425959538896e-7	5.180400592698214e-7	6.426150708515378e-7	8.221556547309976e-7	1.0857669330637522e-6	1.4813556902516796e-6	2.0896737166764723e-6	3.0503141441555245e-6	4.611071544398915e-6	7.2241724156979016e-6	1.173910156783925e-5	1.9800141691377042e-5	3.4690481149373804e-5	6.318005052799702e-5	0.00011970019605884228	0.00023608729836142273
0.21662919352347573	0.3350780831962633	0.4989676978082885	0.7159219101000693	0.9905927420014827	1.3229101488426314	1.706635314522541	2.128608226351891	2.569004285123693	3.0027381519625562	3.401912145144765	3.7389631235997665	3.989984285666132	4.137638681309847	4.1731575001082675	4.097106783445357	3.9188581704104024	3.6549465073788294	3.326681184764211	2.957464073134385	2.570250034971745	2.185487525576196	1.8197335991933408	1.4849891522238599	1.1886779191581822	0.9341142940330249	0.7212738877525707	0.5476892693219328	0.4093280866580555	0.30135722675251103	0.21874286133555396	0.1566743286878184	0.11082632647099648	0.07748874870328079	0.05359872470806737	0.0367079277070879	0.02491290757099487	0.016769406277730957	0.011204934740969457	0.007438221509388425	0.0049098351812818485	0.0032253202494373786	0.002110363414040378	0.0013765462917409623	0.0008958693438282735	0.0005822244815605186	0.0003781816733067481	0.00024572412021504095	0.00015984768359492374	0.00010419601644570988	6.811741532030374e-5	4.469971169748103e-5	2.946926059369605e-5	1.9535805151427425e-5	1.3033816577909776e-5	8.759344618755931e-6	5.934899663876152e-6	4.057691827111442e-6	2.8018853548648272e-6	1.955725440496097e-6	1.3811166073837953e-6	9.87628738105211e-7	7.157647664262686e-7	5.261721997330345e-7	3.9267098373492046e-7	2.977345664966405e-7	2.2955078105861753e-7	1.8010258589244793e-7	1.439091750622686e-7	1.1719622967530104e-7	9.73462188413478e-8	8.253234445851314e-8	7.147359995531394e-8	6.327026650168722e-8	5.729333461975867e-8	5.3110588001177256e-8	5.043820516833649e-8	4.911088880308365e-8	4.906650803389318e-8	5.034360735638689e-8	5.3092382050975554e-8	5.76023653687809e-8	6.435383408949636e-8	7.410598541775821e-8	8.804536397052064e-8	1.0803676901895425e-7	1.3705362932513853e-7	1.7993093737093278e-7	2.447126859643111e-7	3.4512319242875415e-7	5.052192796427114e-7	7.683902281502535e-7	1.2152719378105862e-6	2.0004775165206893e-6	3.4302635541913597e-6	6.132083984974567e-6	1.1437196002647339e-5	2.227409620338141e-5	4.5329959379522025e-5	9.647426631808974e-5
0.15951393685011084	0.25948968713014975	0.40467734752774	0.6055852959469621	0.8704217033899169	1.2027694754043885	1.5993507443629775	2.0484435719319767	2.5294936865874784	3.0142747743817626	3.4696211910271213	3.861371678779075	4.158836194624268	4.338933824825848	4.389202144140379	4.309132269142891	4.109661912089096	3.811050785645092	3.4396645440778024	3.0243392010846346	2.592974859703172	2.169850709862028	1.7739259508494323	1.418161028315814	1.1097122389913914	0.8507467869678437	0.6395959632159322	0.4719944669883093	0.34221909657808075	0.24401586054480626	0.17127291820521218	0.11844766806574042	0.08078707146380465	0.05439326399248202	0.03618650830346167	0.023809867802937784	0.015509098203209374	0.010010274370583673	0.0064083476250911394	0.004072844098958717	0.002572245793081914	0.0016158529789259582	0.0010105975452495755	0.0006298755143040076	0.00039160239594320553	0.00024308900865912744	0.00015081043293504377	9.359701717014495e-5	5.816714134027468e-5	3.623275828759581e-5	2.2644279150830315e-5	1.4212722183344341e-5	8.967859391202818e-6	5.694124549323287e-6	3.6419018395399884e-6	2.348719542830554e-6	1.5288879647437502e-6	1.005546182211089e-6	6.688820912890043e-7	4.5045878787894626e-7	3.074332438892466e-7	2.1284461118384325e-7	1.4962620205654523e-7	1.0690352433540134e-7	7.7697867586065e-8	5.749600198185136e-8	4.335514957904355e-8	3.3339954627719955e-8	2.6166246383158652e-8	2.097423129074177e-8	1.7183135599862125e-8	1.4397417906048898e-8	1.2345858131096842e-8	1.0841774790368213e-8	9.756958522647417e-9	9.00463819554673e-9	8.52853438277395e-9	8.296189550735817e-9	8.295542690044602e-9	8.534308513464008e-9	9.042263163363792e-9	9.877168395555099e-9	1.1135972794114728e-8	1.2974424169811697e-8	1.5640888659355783e-8	1.9535124524894283e-8	2.5312276300411856e-8	3.407116517274905e-8	4.770414841325551e-8	6.956554506875047e-8	1.0578680310143751e-7	1.6794506309827846e-7	2.786544616256433e-7	4.836789520856206e-7	8.790984376439474e-7	1.6744645517558933e-6	3.345189800305906e-6	7.014671709513675e-6	1.54513488994693e-5	3.5779238356656445e-5
0.11277073913640329	0.1940438662493493	0.31859295181048647	0.4996442378308361	0.7492553328137354	1.075471290164218	1.4791887759410878	1.9514614296871637	2.472086794067911	3.01016718496578	3.526926962250358	3.9804946956940017	4.331797591029037	4.550358068042626	4.618756750633978	4.534845533171688	4.311353041318925	3.9731425434438052	3.5528753189642734	3.0860775831141662	2.6065769824929066	2.1430233645765653	1.7168473456279967	1.3416544421030132	1.0237871436337849	0.7636501966745286	0.5573793216722991	0.3985057722015246	0.27938401233448057	0.1922681940641014	0.13001938429160428	0.08648869255523929	0.056652222811432194	0.03657942162377709	0.023306383692648563	0.014668548638592932	0.009129137866487825	0.005624179337129645	0.00343346074333155	0.002079245669066097	0.0012503692773086536	0.0007474609509971087	0.00044464839353587605	0.00026350263561000586	0.00015572468670911613	9.187583496673404e-5	5.417351256638638e-5	3.195871190153846e-5	1.8883727943634975e-5	1.1188391491138929e-5	6.65457845598077e-6	3.977816128011473e-6	2.3924639400406165e-6	1.4495553731003531e-6	8.857913110420887e-7	5.465864458554515e-7	3.409919268167614e-7	2.1533509907028174e-7	1.3781487351311743e-7	8.949652723436916e-8	5.9040750420931976e-8	3.96116738763235e-8	2.7057529757722758e-8	1.8835948887367304e-8	1.337612604505658e-8	9.698188652440265e-9	7.184642055845059e-9	5.442185790409571e-9	4.217540830393906e-9	3.3457641284456327e-9	2.7182423348638064e-9	2.262698581635711e-9	1.9305951324770175e-9	1.6891330901902963e-9	1.5161423556009508e-9	1.3968165987192528e-9	1.3216539953952898e-9	1.2852193990692934e-9	1.2855114498696226e-9	1.3238404701490802e-9	1.4052310033167687e-9	1.5394868927988033e-9	1.743237548039865e-9	2.0435901786666336e-9	2.48457508315207e-9	3.138654155159256e-9	4.127722635535081e-9	5.662476058904397e-9	8.118429664727791e-9	1.2187459224678327e-8	1.919017866856791e-8	3.174280265007617e-8	5.523362307552555e-8	1.012181767244276e-7	1.9553898124549672e-7	3.985494700837863e-7	8.576465316932463e-7	1.949774681246592e-6	4.685689203109851e-6	1.1910957497163941e-5
0.07618115037576896	0.13954047222471305	0.24261847292575398	0.40088952893610347	0.6302443922687222	0.9438065557300096	1.3478855417630307	1.8379147879535598	2.3955562274060918	2.9881494384583926	3.571243908783448	4.094154967412772	4.507574525129584	4.771574828891995	4.862135492790071	4.774690016662943	4.523998199659457	4.140617322513131	3.665046653421828	3.1410291970229083	2.609448951638163	2.1038574745332093	1.648089588743809	1.2558813736855363	0.9320217296424282	0.6744028289332455	0.4763596504528588	0.3288358085923018	0.22210488262600805	0.14695294475754686	0.09535555461797858	0.060752977735262885	0.03804953978412078	0.023452977565544885	0.014243604825994929	0.008533398318653013	0.005049070859943103	0.0029539011945551334	0.0017107400189709126	0.00098194073232256	0.0005592565097140398	0.0003164280027647008	0.0001780711339019483	9.979014185615529e-5	5.575493420833981e-5	3.109662830929023e-5	1.733479645391174e-5	9.670543485400214e-6	5.405961258463212e-6	3.032228344271453e-6	1.7088747745511635e-6	9.690071931965134e-7	5.536539678044567e-7	3.192180417424405e-7	1.8600813330587282e-7	1.0970878014909067e-7	6.559813597639142e-8	3.982510213711368e-8	2.4586785272199333e-8	1.5458544976986307e-8	9.912109779917289e-9	6.490170395106421e-9	4.344518019820693e-9	2.9761603773138197e-9	2.0881281343936497e-9	1.5014823074316514e-9	1.1069843555016895e-9	8.370309322182897e-10	6.491941092964196e-10	5.164655222926332e-10	4.2140952145103514e-10	3.526188143650332e-10	3.0254122385809877e-10	2.661327662610978e-10	2.4001559771579596e-10	2.2194979093201093e-10	2.1050515431882111e-10	2.048661457041135e-10	2.047326912465272e-10	2.1030064257911952e-10	2.223235359652573e-10	2.4227770069831043e-10	2.726827999837124e-10	3.176819370718021e-10	3.8408377172238104e-10	4.832644602386558e-10	6.347305468821317e-10	8.730058194473671e-10	1.2614113222429947e-9	1.920674498359574e-9	3.0906779273861188e-9	5.269252967742806e-9	9.537583604952005e-9	1.835717354764675e-8	3.7611802067874526e-8	8.208833962411721e-8	1.9090913108270303e-7	4.731784612044491e-7	1.2500107583738185e-6	3.52007095086657e-6
0.048922391697499665	0.09606802610852042	0.1780358889357987	0.3117854517000593	0.5166376724048913	0.811074317444025	1.207930723786366	1.7088055941586078	2.2991906874306567	2.9461271468987538	3.5998515705070306	4.199878938545625	4.6845780052915	5.002051506907901	5.119555813592818	5.029042434128688	4.747551354636742	4.312686141599018	3.7746988109308655	3.187392033023928	2.599979041120462	2.0513882124989826	1.5675881330063717	1.1616749907855874	0.8359269591115708	0.5848513560025653	0.3983626443690591	0.26450269905598306	0.17142038670254994	0.108577083204483	0.06730072010716191	0.040876118176768915	0.024358504835706424	0.014260195524547556	0.008212158648827959	0.004658110617390436	0.002605837244450948	0.001439578737396352	0.0007863966657850758	0.0004253399225186691	0.00022808296697927506	0.00012142024886253389	6.42565783686474e-5	3.3850782411921855e-5	1.7776802958659514e-5	9.31961446821894e-6	4.884807535170732e-6	2.5637335825717288e-6	1.3495047117744494e-6	7.13651271979934e-7	3.7982147351406696e-7	2.0382927764134486e-7	1.1050938411694746e-7	6.065497715695608e-8	3.3774394030392166e-8	1.9120510331312387e-8	1.1029081094126498e-8	6.495635036706267e-9	3.913913285985297e-9	2.4170975309674934e-9	1.5323196804495222e-9	9.98444065664874e-10	6.692901344001937e-10	4.618064236325366e-10	3.280509747978626e-10	2.3987909621449605e-10	1.8047558821983193e-10	1.3961122956278396e-10	1.1094862641238131e-10	9.048962600113101e-11	7.56670060288481e-11	6.48048765518042e-11	5.679322364491371e-11	5.088879353943762e-11	4.659182026808928e-11	4.356923650370297e-11	4.160719498520426e-11	4.0582942330275844e-11	4.0450572092780565e-11	4.123827714212971e-11	4.30573349698798e-11	4.6126017080287024e-11	5.081599506857136e-11	5.773649670675906e-11	6.788620228231514e-11	8.293274141923017e-11	1.0574283494794116e-10	1.414252052240072e-10	1.994670271497561e-10	2.983055828953876e-10	4.755732980099217e-10	8.121960312926772e-10	1.4920050464626202e-9	2.957074573399057e-9	6.334725007482782e-9	1.4677268973391586e-8	3.676800633947254e-8	9.948954513649321e-8	2.904180679928784e-7	9.134632881208531e-7
0.029695348295978505	0.06300636871041619	0.12535606365404398	0.23420443152552917	0.4114890632283125	0.6808628972274944	1.0624880225406326	1.5659441076418381	2.182936745008517	2.8823291068961936	3.6100095179765193	4.294971950308023	4.860985937765356	5.241134301798664	5.39123107407775	5.298307780007424	4.981932533897885	4.488433221237558	3.880188341190079	3.223270858644655	2.5766272732133815	1.984915597831694	1.4756826872788356	1.0603012107748624	0.7373534469793999	0.49700092789094763	0.3251610801825021	0.20678766977383362	0.128014836674947	0.07725568505501056	0.04551557260006224	0.026216460543505262	0.014784201424049915	0.008174423338925058	0.004437906758121588	0.002369127814319534	0.0012454243766359867	0.0006456495902306189	0.0003305699744902611	0.00016740159538394038	8.397251867651843e-5	4.1788875262350675e-5	2.066389618420526e-5	1.016945201461311e-5	4.989460908379108e-6	2.444878814433665e-6	1.1987694065932564e-6	5.893542638259467e-7	2.911650604075473e-7	1.4489884129998449e-7	7.282518375269872e-8	3.706853582045788e-8	1.9166043829486823e-8	1.0097624032493375e-8	5.438130538250725e-9	3.003231870260023e-9	1.7057893602746368e-9	9.990977544724683e-10	6.047627895859484e-10	3.7892722242082184e-10	2.460027609797288e-10	1.6552759327257325e-10	1.1540038339633121e-10	8.328559704717166e-11	6.214123502913669e-11	4.785294041600732e-11	3.795988972790482e-11	3.095556125308579e-11	2.5896383678433012e-11	2.217826080643687e-11	1.9406362921527664e-11	1.731774319499189e-11	1.5734470475418725e-11	1.453475363370894e-11	1.3634904971770392e-11	1.2977996892916493e-11	1.252678694574378e-11	1.2259502733310166e-11	1.2167712287549656e-11	1.225594701233473e-11	1.254312161032996e-11	1.3066224182431213e-11	1.3887381403777919e-11	1.5106501354423595e-11	1.688378821165068e-11	1.9480650433502774e-11	2.3336485828284195e-11	2.921871302370603e-11	3.852966787412455e-11	5.396698274706536e-11	8.102485724822113e-11	1.3161365998916522e-10	2.3334588857311326e-10	4.5495081413950063e-10	9.806151530361573e-10	2.342648426879493e-9	6.201008702895383e-9	1.8139791770411795e-8	5.841074246644164e-8	2.0614834090917202e-7
0.01692990198168554	0.03915194942329408	0.0842976598624662	0.1692516812787433	0.3173944253984268	0.5568117303273937	0.9152807565993643	1.411988956623683	2.0475448788972295	2.795470219232698	3.599065671129955	4.376553917633822	5.034734301655599	5.488033349000127	5.677367280106579	5.582920638775103	5.227021489877337	4.6668048082263605	3.9797121432499196	3.2467175552799126	2.538004202072517	1.9040979952155417	1.3731865439477873	0.9534704091695764	0.6384347080558901	0.4129062927192133	0.2583487789257668	0.15663015957269394	0.09216215598877056	0.052714776959882255	0.029356820474408282	0.015943262683489882	0.008457306404647662	0.004389040981283576	0.0022319655444792124	0.001114001481476629	0.0005465989763014014	0.0002640873008947434	0.00012584698363139155	5.925030291933784e-5	2.7608857383506027e-5	1.2755716875066249e-5	5.854518283561109e-6	2.6748320292988813e-6	1.2192324716753841e-6	5.55808018779938e-7	2.5409537699488037e-7	1.168512310483671e-7	5.424140244005495e-8	2.551306416291393e-8	1.2211592357130554e-8	5.975091564787082e-9	3.002919875859207e-9	1.557472557992024e-9	8.373217361656618e-10	4.683996746077672e-10	2.7344795096492897e-10	1.6691449911868678e-10	1.0661491716287209e-10	7.124007128021214e-11	4.973736000432419e-11	3.6210360977181103e-11	2.7420124633951517e-11	2.153387011538631e-11	1.7483344832958746e-11	1.4627516348037884e-11	1.2570660062552356e-11	1.1061696916555305e-11	9.937059519718206e-12	9.087458918061613e-12	8.438102252508889e-12	7.936668625938995e-12	7.545870370802017e-12	7.238790859761338e-12	6.9959442352875885e-12	6.803428830171176e-12	6.6517935260429955e-12	6.535385724453255e-12	6.452046583602732e-12	6.4030911220771e-12	6.393576583698317e-12	6.432939120778637e-12	6.536188525990448e-12	6.7260316761355105e-12	7.036623893708999e-12	7.520287110717058e-12	8.259852237653759e-12	9.392146947741037e-12	1.1154706519167059e-11	1.3983656845364752e-11	1.8731525626307198e-11	2.7185710506311715e-11	4.339772387952022e-11	7.73759745685146e-11	1.5625501268306993e-10	3.611832151355659e-10	9.604630059928056e-10	2.9342690542713003e-9	1.0228331852424944e-8	4.0280503231678896e-8
0.009004411670122215	0.02291587554256064	0.05386892479597468	0.11717294901011731	0.236250734831513	0.44232997072293523	0.7704029593670081	1.2504288417567517	1.8947006237576958	2.684935798611828	3.5645935778691635	4.44160628040111	5.20349493354928	5.741777633252469	5.978123390234987	5.883310506673996	5.482620334556019	4.846577929824524	4.071308122026169	3.255784151850962	2.4829685484090556	1.8090556664624886	1.261446569393569	0.8433214058996358	0.5414967334165268	0.33454006038103373	0.19921458061422243	0.11454759190054298	0.06371091867726893	0.03433809359139716	0.017965716433610338	0.009140946660630693	0.00453095160213212	0.00219186930291594	0.0010366825271374543	0.0004802503380985131	0.00021831068501532893	9.75613543628967e-5	4.294475511494542e-5	1.8656998074361774e-5	8.01669149877162e-6	3.4148212667290156e-6	1.4456479166462094e-6	6.099903331065795e-7	2.5738257843400796e-7	1.0901726540788719e-7	4.6560387713908924e-8	2.0155969927948448e-8	8.896893335356369e-9	4.030702806628511e-9	1.8873865785644604e-9	9.198127336468714e-10	4.69544899680305e-10	2.5240381737675425e-10	1.4341308751115812e-10	8.63022129063848e-11	5.501753039037977e-11	3.7107471207565086e-11	2.641212438543337e-11	1.9771528834198578e-11	1.5503596727560343e-11	1.2679384116529529e-11	1.0767086290504156e-11	9.451432348962305e-12	8.539029011278873e-12	7.907119700509002e-12	7.474954315415898e-12	7.18730184079932e-12	7.004692820010379e-12	6.8975200523227336e-12	6.8424378145423126e-12	6.820192674706042e-12	6.814389795532952e-12	6.810896305887886e-12	6.797685157459311e-12	6.764971544737209e-12	6.705515280754532e-12	6.614973828549431e-12	6.492204233435455e-12	6.33943600414729e-12	6.162274777671019e-12	5.9695480324926406e-12	5.773066267062591e-12	5.587443879773045e-12	5.4302083491265255e-12	5.322546286269969e-12	5.291249242926056e-12	5.372869824529755e-12	5.622109981794661e-12	6.128865688349399e-12	7.0543681854305235e-12	8.712930674132528e-12	1.1772132554153704e-11	1.778985824336992e-11	3.080951742810248e-11	6.26557481134116e-11	1.5271060153374404e-10	4.5116449116811945e-10	1.613023060129605e-9	6.8820512885913776e-9
0.004436986635077992	0.012558445764490276	0.032545479311475105	0.07737453874064214	0.16908728158434805	0.34031778229081905	0.6320848080180327	1.0855241445192747	1.7271637884353583	2.5510205007666467	3.504590259719488	4.487039720265372	5.364613391140439	6.001078159366525	6.2934525680789815	6.199746877067958	5.748317626944696	5.02627040379744	4.152845013086518	3.248604708337423	2.410769993321945	1.700509004990101	1.1424122074006748	0.732392626637765	0.44895086266022866	0.26365977119300255	0.1486399866051441	0.08059920076332593	0.04211975160763558	0.021254840881654132	0.010377782433832675	0.004912300054913823	0.002258709268056945	0.001010874015657926	0.00044123430816672937	0.00018821976661023563	7.863139415764293e-5	3.2241054845003625e-5	1.3004985019494937e-5	5.173556439836892e-6	2.0354774229020006e-6	7.945901126939723e-7	3.0894105841184276e-7	1.20187217193428e-7	4.704525648601739e-8	1.8654504210106524e-8	7.55347266123476e-9	3.15204847783668e-9	1.3691185064331169e-9	6.252087458074472e-10	3.0288545790274344e-10	1.5679096637620628e-10	8.713041341916102e-11	5.207703759687094e-11	3.345579515072513e-11	2.3039663143341458e-11	1.6937527227456137e-11	1.3224223305740159e-11	1.0904019657750281e-11	9.439707300274229e-12	8.529982035831254e-12	7.999847998750501e-12	7.744389673763556e-12	7.698655719707395e-12	7.820747031535403e-12	8.081784755940314e-12	8.459571379936731e-12	8.93431961430452e-12	9.485642436496908e-12	1.0090451763860846e-11	1.0721674104396457e-11	1.1347832373688657e-11	1.1933590604845725e-11	1.2441320896532568e-11	1.2833637880571362e-11	1.3076675706318403e-11	1.3143694653120813e-11	1.3018453130629947e-11	1.269772355466843e-11	1.2192409361505853e-11	1.1526942467583954e-11	1.0736967928301197e-11	9.865678172886986e-12	8.959449358728876e-12	8.063580200612188e-12	7.218909540440245e-12	6.459926807517903e-12	5.814784777730002e-12	5.3075250090648914e-12	4.96305101823343e-12	4.816334890620096e-12	4.9300158041534754e-12	5.431902031893345e-12	6.605708529526716e-12	9.140431950328448e-12	1.4912337150940595e-11	2.981481422731955e-11	7.572496558016198e-11	2.5002203970861293e-10	1.072458749752076e-9
0.0026747056755611317	0.008164207035388832	0.022675004004179565	0.057422457181009266	0.1328710742892241	0.281520010180142	0.5473120040610383	0.9784182407468048	1.6117401203617328	2.451678167220285	3.4510156436674633	4.504664804247964	5.4642073961427124	6.17245695421425	6.50687141425489	6.414852839754872	5.926776494116766	5.142624805496427	4.199548776569257	3.234364628458591	2.3542953661942354	1.6230638208496284	1.0620133763194495	0.6609386919774805	0.3920543051232414	0.2221274364388934	0.12046092494925298	0.06266071329840107	0.03133046969340544	0.015089627041527578	0.007015335029708876	0.0031549777093194463	0.001375448812578508	0.0005825322018042703	0.00024019192377770725	9.662952173161914e-5	3.801438607815284e-5	1.4658333205408485e-5	5.553803116254832e-6	2.0731272756306174e-6	7.646862217862082e-7	2.796684790874789e-7	1.0182394240838485e-7	3.708475115579248e-8	1.3589939364885561e-8	5.0464184289930605e-9	1.9148384867990146e-9	7.496101705390151e-10	3.059343082329163e-10	1.3155214863960355e-10	6.018274466973189e-11	2.952592434316975e-11	1.561987775919976e-11	8.935292378882785e-12	5.528633113319619e-12	3.693336553069438e-12	2.6548381563751405e-12	2.0441369614472916e-12	1.6769996054029325e-12	1.4574109830180179e-12	1.3334962020042105e-12	1.2764984285823576e-12	1.2702911486781348e-12	1.3058775388638963e-12	1.3783155508473118e-12	1.4848362395498705e-12	1.6235420046934482e-12	1.792379551147994e-12	1.988253038495898e-12	2.2062523126944787e-12	2.439049859107593e-12	2.676574735141854e-12	2.9060954980922555e-12	3.112825159790319e-12	3.281091135896553e-12	3.3959961393475562e-12	3.445354783848465e-12	3.421566122742434e-12	3.323023049205273e-12	3.154703439984101e-12	2.9277428892311273e-12	2.6580215430386266e-12	2.3640398928579328e-12	2.0645317483410126e-12	1.776309966344584e-12	1.5127515207519191e-12	1.2831443909564582e-12	1.0929151317222644e-12	9.44614758907088e-13	8.395308940497556e-13	7.799864142650232e-13	7.729376963630348e-13	8.369315269245349e-13	1.0187316815451934e-12	1.440345965158435e-12	2.453359406842158e-12	5.229967161699476e-12	1.4440286844471268e-11	5.2722717564932594e-11	2.537608509078958e-10
